<?xml version="1.0"?>
<Runs Version="1" Minor="0">
	<Run Id="design_1_c_shift_ram_0_0_synth_1" LaunchDir="D:/div_archive_ta/div32p2check/div32p2check.runs/design_1_c_shift_ram_0_0_synth_1" FlowId="Vivado_Synthesis" FromStepId="vivado" ToStepId="vivado"/>
	<Run Id="design_1_c_shift_ram_0_1_synth_1" LaunchDir="D:/div_archive_ta/div32p2check/div32p2check.runs/design_1_c_shift_ram_0_1_synth_1" FlowId="Vivado_Synthesis" FromStepId="vivado" ToStepId="vivado"/>
	<Run Id="design_1_c_shift_ram_0_2_synth_1" LaunchDir="D:/div_archive_ta/div32p2check/div32p2check.runs/design_1_c_shift_ram_0_2_synth_1" FlowId="Vivado_Synthesis" FromStepId="vivado" ToStepId="vivado" IsOrderedIPRun="true">
		<Parent Id="design_1_c_shift_ram_0_1_synth_1"/>
	</Run>
	<Run Id="design_1_c_shift_ram_0_3_synth_1" LaunchDir="D:/div_archive_ta/div32p2check/div32p2check.runs/design_1_c_shift_ram_0_3_synth_1" FlowId="Vivado_Synthesis" FromStepId="vivado" ToStepId="vivado" IsOrderedIPRun="true">
		<Parent Id="design_1_c_shift_ram_0_1_synth_1"/>
	</Run>
	<Run Id="design_1_util_reduced_logic_0_0_synth_1" LaunchDir="D:/div_archive_ta/div32p2check/div32p2check.runs/design_1_util_reduced_logic_0_0_synth_1" FlowId="Vivado_Synthesis" FromStepId="vivado" ToStepId="vivado"/>
	<Run Id="design_1_util_reduced_logic_0_1_synth_1" LaunchDir="D:/div_archive_ta/div32p2check/div32p2check.runs/design_1_util_reduced_logic_0_1_synth_1" FlowId="Vivado_Synthesis" FromStepId="vivado" ToStepId="vivado" IsOrderedIPRun="true">
		<Parent Id="design_1_util_reduced_logic_0_0_synth_1"/>
	</Run>
	<Run Id="design_1_clk_wiz_0_0_synth_1" LaunchDir="D:/div_archive_ta/div32p2check/div32p2check.runs/design_1_clk_wiz_0_0_synth_1" FlowId="Vivado_Synthesis" FromStepId="vivado" ToStepId="vivado"/>
	<Run Id="design_1_div32p2_0_0_synth_1" LaunchDir="D:/div_archive_ta/div32p2check/div32p2check.runs/design_1_div32p2_0_0_synth_1" FlowId="Vivado_Synthesis" FromStepId="vivado" ToStepId="vivado"/>
	<Parameters>
		<Parameter Name="runs.monitorLSFJobs" Val="true" Type="bool"/>
		<Parameter Name="runs.enableClusterConf" Val="true" Type="bool"/>
	</Parameters>
</Runs>

