<?xml version="1.0"?>
<Runs Version="1" Minor="0">
	<Run Id="design_1_clk_wiz_0_3_synth_1" LaunchDir="C:/Users/atomi/GitHub/hw-viv/kadai5/kadai5.runs/design_1_clk_wiz_0_3_synth_1" FlowId="Vivado_Synthesis" FromStepId="vivado" ToStepId="vivado"/>
	<Run Id="design_1_two_digit_ssd_0_1_synth_1" LaunchDir="C:/Users/atomi/GitHub/hw-viv/kadai5/kadai5.runs/design_1_two_digit_ssd_0_1_synth_1" FlowId="Vivado_Synthesis" FromStepId="vivado" ToStepId="vivado"/>
	<Run Id="design_1_c_counter_binary_0_2_synth_1" LaunchDir="C:/Users/atomi/GitHub/hw-viv/kadai5/kadai5.runs/design_1_c_counter_binary_0_2_synth_1" FlowId="Vivado_Synthesis" FromStepId="vivado" ToStepId="vivado"/>
	<Run Id="synth_1" LaunchDir="C:/Users/atomi/GitHub/hw-viv/kadai5/kadai5.runs/synth_1" FlowId="Vivado_Synthesis" FromStepId="vivado" ToStepId="vivado">
		<Parent Id="design_1_clk_wiz_0_3_synth_1"/>
		<Parent Id="design_1_two_digit_ssd_0_1_synth_1"/>
		<Parent Id="design_1_c_counter_binary_0_2_synth_1"/>
	</Run>
	<Parameters>
		<Parameter Name="runs.monitorLSFJobs" Val="true" Type="bool"/>
		<Parameter Name="runs.enableClusterConf" Val="true" Type="bool"/>
	</Parameters>
</Runs>

