<?xml version="1.0"?>
<Runs Version="1" Minor="0">
	<Run Id="design_1_div32p2_0_0_synth_1" LaunchDir="C:/Users/atomi/GitHub/hw-viv/div_archive/div32p2_32_0/div32p2_32_0_check.runs/design_1_div32p2_0_0_synth_1" FlowId="Vivado_Synthesis" FromStepId="vivado" ToStepId="vivado"/>
	<Run Id="synth_1" LaunchDir="C:/Users/atomi/GitHub/hw-viv/div_archive/div32p2_32_0/div32p2_32_0_check.runs/synth_1" FlowId="Vivado_Synthesis" FromStepId="vivado" ToStepId="vivado">
		<Parent Id="design_1_div32p2_0_0_synth_1"/>
	</Run>
	<Parameters>
		<Parameter Name="runs.monitorLSFJobs" Val="true" Type="bool"/>
		<Parameter Name="runs.enableClusterConf" Val="true" Type="bool"/>
	</Parameters>
</Runs>

